{"mean": [13.504713529681576, 59.12564333533469, 21.968615797790438, 0.486], "std": [14.389900914061247, 20.241216077466696, 8.16226302892786, 0.4998039615689336], "sklearn": false}